{
  "parent": "minecraft:item/generated",
  "textures": {
    "layer0": "minecraft:item/carrot_on_a_stick"
  },
  "overrides": [

    {"predicate": {"custom_model_data":971}, "model": "gun:item/magnumstart1"},
    {"predicate": {"custom_model_data":972}, "model": "gun:item/magnumstart2"},
    {"predicate": {"custom_model_data":973}, "model": "gun:item/magnumstart3"},
    {"predicate": {"custom_model_data":974}, "model": "gun:item/magnumstart4"},
    {"predicate": {"custom_model_data":975}, "model": "gun:item/magnumstart5"},
    {"predicate": {"custom_model_data":976}, "model": "gun:item/magnumstart6"},
    {"predicate": {"custom_model_data":977}, "model": "gun:item/magnumstart7"},
    {"predicate": {"custom_model_data":978}, "model": "gun:item/magnumstart8"},
    {"predicate": {"custom_model_data":979}, "model": "gun:item/magnumfire"},
		{"predicate": {"custom_model_data":985}, "model": "gun:item/deadshot"},
    {"predicate": {"custom_model_data":986}, "model": "gun:item/deadshot_shoting"}
	]
}