{
    "parent": "item/handheld_rod",
    "textures": {
        "layer0": "item/warped_fungus_on_a_stick"
    },
    "overrides": [
        {
            "predicate": {
                "custom_model_data": 100100},
                "model": "item/guns/makeshift_pistol"
        },
        {
            "predicate": {
                "custom_model_data": 100200},
                "model": "item/guns/makeshift_rifle"
        },
        {
            "predicate": {
                "custom_model_data": 100300},
                "model": "item/guns/makeshift_sniper"
        },
        {
            "predicate": {
                "custom_model_data": 100400},
                "model": "item/guns/makeshift_shotgun"
        },
        {
            "predicate": {
                "custom_model_data": 100500},
                "model": "item/guns/pistol"
        },
        {
            "predicate": {
                "custom_model_data": 100600},
                "model": "item/guns/rifle"
        },
        {
            "predicate": {
                "custom_model_data": 100601},
                "model": "item/guns/rifle_alt"
        },
        {
            "predicate": {
                "custom_model_data": 100700},
                "model": "item/guns/sniper"
        },
        {
            "predicate": {
                "custom_model_data": 100701},
                "model": "item/guns/sniper_alt"
        },
        {
            "predicate": {
                "custom_model_data": 100702},
                "model": "item/guns/sniper_alt2"
        },
        {
            "predicate": {
                "custom_model_data": 100800},
                "model": "item/guns/shotgun"
        },
        {
            "predicate": {
                "custom_model_data": 100900},
                "model": "item/guns/bfg"
        },
        {
            "predicate": {
                "custom_model_data": 101000},
                "model": "item/guns/rpg_loaded"
        },
        {
            "predicate": {
                "custom_model_data": 101100},
                "model": "item/guns/rpg_unloaded"
        },
        {
            "predicate": {
                "custom_model_data": 101200},
                "model": "item/guns/scar"
        },
        {
            "predicate": {
                "custom_model_data": 101300},
                "model": "item/guns/deagle"
        },
        {
            "predicate": {
                "custom_model_data": 101301},
                "model": "item/guns/deagle_alt"
        }
    ]
}