{
	"credit": "Made with Blockbench",
	"texture_size": [32, 32],
	"textures": {
		"1": "item/head",
		"particle": "item/head"
	},
	"elements": [
		{
			"from": [5, 0.75, 9.75],
			"to": [6, 2.75, 11],
			"rotation": {"angle": -22.5, "axis": "x", "origin": [5.5, 1, 10.5]},
			"faces": {
				"north": {"uv": [1, 4, 1.5, 5], "texture": "#1"},
				"east": {"uv": [1.5, 4, 2, 5], "texture": "#1"},
				"south": {"uv": [3, 4, 3.5, 5], "texture": "#1"},
				"west": {"uv": [4, 3, 4.5, 4], "texture": "#1"},
				"up": {"uv": [4.5, 1, 4, 0.5], "texture": "#1"},
				"down": {"uv": [3, 5.5, 2.5, 6], "texture": "#1"}
			}
		},
		{
			"from": [5, 0.75, 9.5],
			"to": [6, 1.5, 9.75],
			"rotation": {"angle": -22.5, "axis": "x", "origin": [5.5, 1, 10.5]},
			"faces": {
				"north": {"uv": [5.5, 3, 6, 3.5], "texture": "#1"},
				"east": {"uv": [3.5, 5.5, 4, 6], "texture": "#1"},
				"south": {"uv": [5.5, 3.5, 6, 4], "texture": "#1"},
				"west": {"uv": [5.5, 4, 6, 4.5], "texture": "#1"},
				"up": {"uv": [5, 6, 4.5, 5.5], "texture": "#1"},
				"down": {"uv": [6, 5, 5.5, 5.5], "texture": "#1"}
			}
		},
		{
			"from": [5, 1.5, 9.55],
			"to": [6, 1.75, 9.75],
			"rotation": {"angle": -22.5, "axis": "x", "origin": [5.5, 1, 10.5]},
			"faces": {
				"north": {"uv": [5.5, 5.5, 6, 6], "texture": "#1"},
				"east": {"uv": [0, 6, 0.5, 6.5], "texture": "#1"},
				"south": {"uv": [6, 0, 6.5, 0.5], "texture": "#1"},
				"west": {"uv": [1.5, 6, 2, 6.5], "texture": "#1"},
				"up": {"uv": [6.5, 2, 6, 1.5], "texture": "#1"},
				"down": {"uv": [6.5, 2, 6, 2.5], "texture": "#1"}
			}
		},
		{
			"from": [5, 2.25, 9.6],
			"to": [6, 2.5, 9.75],
			"rotation": {"angle": -22.5, "axis": "x", "origin": [5.5, 1, 10.5]},
			"faces": {
				"north": {"uv": [2.5, 6, 3, 6.5], "texture": "#1"},
				"east": {"uv": [6, 2.5, 6.5, 3], "texture": "#1"},
				"south": {"uv": [3, 6, 3.5, 6.5], "texture": "#1"},
				"west": {"uv": [6, 3, 6.5, 3.5], "texture": "#1"},
				"up": {"uv": [4, 6.5, 3.5, 6], "texture": "#1"},
				"down": {"uv": [6.5, 3.5, 6, 4], "texture": "#1"}
			}
		},
		{
			"from": [5, 1.75, 9.5],
			"to": [6, 2.25, 9.75],
			"rotation": {"angle": -22.5, "axis": "x", "origin": [5.5, 1, 10.5]},
			"faces": {
				"north": {"uv": [4, 6, 4.5, 6.5], "texture": "#1"},
				"east": {"uv": [6, 4, 6.5, 4.5], "texture": "#1"},
				"south": {"uv": [4.5, 6, 5, 6.5], "texture": "#1"},
				"west": {"uv": [6, 4.5, 6.5, 5], "texture": "#1"},
				"up": {"uv": [5.5, 6.5, 5, 6], "texture": "#1"},
				"down": {"uv": [6.5, 5, 6, 5.5], "texture": "#1"}
			}
		},
		{
			"from": [5, 2.75, 9.75],
			"to": [6, 3.25, 10.75],
			"rotation": {"angle": -22.5, "axis": "x", "origin": [5.5, 1, 10.5]},
			"faces": {
				"north": {"uv": [5.5, 6, 6, 6.5], "texture": "#1"},
				"east": {"uv": [6, 5.5, 6.5, 6], "texture": "#1"},
				"south": {"uv": [6, 6, 6.5, 6.5], "texture": "#1"},
				"west": {"uv": [0, 6.5, 0.5, 7], "texture": "#1"},
				"up": {"uv": [7, 0.5, 6.5, 0], "texture": "#1"},
				"down": {"uv": [1, 6.5, 0.5, 7], "texture": "#1"}
			}
		},
		{
			"from": [4.97, 3.08, 9.5],
			"to": [6.03, 3.33, 10.85],
			"rotation": {"angle": -22.5, "axis": "x", "origin": [5.5, 1, 10.5]},
			"faces": {
				"north": {"uv": [6.5, 0.5, 7, 1], "texture": "#1"},
				"east": {"uv": [1, 6.5, 1.5, 7], "texture": "#1"},
				"south": {"uv": [6.5, 1, 7, 1.5], "texture": "#1"},
				"west": {"uv": [1.5, 6.5, 2, 7], "texture": "#1"},
				"up": {"uv": [7, 2, 6.5, 1.5], "texture": "#1"},
				"down": {"uv": [2.5, 6.5, 2, 7], "texture": "#1"}
			}
		},
		{
			"from": [5.97, 2.94, 9.25],
			"to": [6.03, 3.59, 9.75],
			"rotation": {"angle": 0, "axis": "y", "origin": [6, 3.11439, 9.38711]},
			"faces": {
				"north": {"uv": [6.5, 2, 7, 2.5], "texture": "#1"},
				"east": {"uv": [2.5, 6.5, 3, 7], "texture": "#1"},
				"south": {"uv": [6.5, 2.5, 7, 3], "texture": "#1"},
				"west": {"uv": [3, 6.5, 3.5, 7], "texture": "#1"},
				"up": {"uv": [7, 3.5, 6.5, 3], "texture": "#1"},
				"down": {"uv": [4, 6.5, 3.5, 7], "texture": "#1"}
			}
		},
		{
			"from": [5.97, 2.95, 9.22],
			"to": [6.03, 3.6, 9.25],
			"rotation": {"angle": 0, "axis": "y", "origin": [6, 3.11439, 9.38711]},
			"faces": {
				"north": {"uv": [6.5, 3.5, 7, 4], "texture": "#1"},
				"east": {"uv": [4, 6.5, 4.5, 7], "texture": "#1"},
				"south": {"uv": [6.5, 4, 7, 4.5], "texture": "#1"},
				"west": {"uv": [4.5, 6.5, 5, 7], "texture": "#1"},
				"up": {"uv": [7, 5, 6.5, 4.5], "texture": "#1"},
				"down": {"uv": [5.5, 6.5, 5, 7], "texture": "#1"}
			}
		},
		{
			"from": [5.47, 3.5, 9.28],
			"to": [6.03, 3.69, 9.78],
			"rotation": {"angle": 22.5, "axis": "x", "origin": [5.75, 3.6975, 9.5]},
			"faces": {
				"north": {"uv": [6.5, 5, 7, 5.5], "texture": "#1"},
				"east": {"uv": [5.5, 6.5, 6, 7], "texture": "#1"},
				"south": {"uv": [6.5, 5.5, 7, 6], "texture": "#1"},
				"west": {"uv": [6, 6.5, 6.5, 7], "texture": "#1"},
				"up": {"uv": [7, 6.5, 6.5, 6], "texture": "#1"},
				"down": {"uv": [7, 6.5, 6.5, 7], "texture": "#1"}
			}
		},
		{
			"from": [5.35, 3.43, 8.35],
			"to": [5.66, 3.62, 9.15],
			"rotation": {"angle": 22.5, "axis": "x", "origin": [5.75, 3.6975, 9.5]},
			"faces": {
				"north": {"uv": [0, 7, 0.5, 7.5], "texture": "#1"},
				"east": {"uv": [7, 0, 7.5, 0.5], "texture": "#1"},
				"south": {"uv": [0.5, 7, 1, 7.5], "texture": "#1"},
				"west": {"uv": [7, 0.5, 7.5, 1], "texture": "#1"},
				"up": {"uv": [1.5, 7.5, 1, 7], "texture": "#1"},
				"down": {"uv": [7.5, 1, 7, 1.5], "texture": "#1"}
			}
		},
		{
			"from": [5.01, 2.50209, 7.75366],
			"to": [5.99, 2.75209, 9.00366],
			"rotation": {"angle": 0, "axis": "y", "origin": [5.5, 2.75209, 9.50366]},
			"faces": {
				"north": {"uv": [1.5, 7, 2, 7.5], "texture": "#1"},
				"east": {"uv": [7, 1.5, 7.5, 2], "texture": "#1"},
				"south": {"uv": [2, 7, 2.5, 7.5], "texture": "#1"},
				"west": {"uv": [7, 2, 7.5, 2.5], "texture": "#1"},
				"up": {"uv": [3, 7.5, 2.5, 7], "texture": "#1"},
				"down": {"uv": [7.5, 2.5, 7, 3], "texture": "#1"}
			}
		},
		{
			"from": [4.99, 2.25, 3.50366],
			"to": [6.01, 2.5, 6.00366],
			"rotation": {"angle": 0, "axis": "y", "origin": [5.5, 2.75209, 9.50366]},
			"faces": {
				"north": {"uv": [3, 7, 3.5, 7.5], "texture": "#1"},
				"east": {"uv": [2.5, 0.5, 4, 1], "texture": "#1"},
				"south": {"uv": [7, 3, 7.5, 3.5], "texture": "#1"},
				"west": {"uv": [3, 1, 4.5, 1.5], "texture": "#1"},
				"up": {"uv": [3.5, 4, 3, 2.5], "texture": "#1"},
				"down": {"uv": [0.5, 3.5, 0, 5], "texture": "#1"}
			}
		},
		{
			"from": [4.99, 2.75, 4.50366],
			"to": [6.01, 2.9, 7.00366],
			"rotation": {"angle": 0, "axis": "y", "origin": [5.5, 2.75209, 9.50366]},
			"faces": {
				"north": {"uv": [3.5, 7, 4, 7.5], "texture": "#1"},
				"east": {"uv": [3, 1.5, 4.5, 2], "texture": "#1"},
				"south": {"uv": [7, 3.5, 7.5, 4], "texture": "#1"},
				"west": {"uv": [3.5, 2.5, 5, 3], "texture": "#1"},
				"up": {"uv": [1, 5, 0.5, 3.5], "texture": "#1"},
				"down": {"uv": [4, 3, 3.5, 4.5], "texture": "#1"}
			}
		},
		{
			"from": [4.99, 2.65, 5.00366],
			"to": [6.01, 2.8, 6.00366],
			"rotation": {"angle": 0, "axis": "y", "origin": [5.5, 2.75209, 9.50366]},
			"faces": {
				"north": {"uv": [4, 7, 4.5, 7.5], "texture": "#1"},
				"east": {"uv": [7, 4, 7.5, 4.5], "texture": "#1"},
				"south": {"uv": [4.5, 7, 5, 7.5], "texture": "#1"},
				"west": {"uv": [7, 4.5, 7.5, 5], "texture": "#1"},
				"up": {"uv": [5.5, 7.5, 5, 7], "texture": "#1"},
				"down": {"uv": [7.5, 5, 7, 5.5], "texture": "#1"}
			}
		},
		{
			"from": [4.99, 2.4, 4.4],
			"to": [6.01, 3.9, 4.75],
			"rotation": {"angle": 0, "axis": "y", "origin": [5.5, 2.75209, 9.50366]},
			"faces": {
				"north": {"uv": [4, 4, 4.5, 5], "texture": "#1"},
				"east": {"uv": [4.5, 0, 5, 1], "texture": "#1"},
				"south": {"uv": [4.5, 1, 5, 2], "texture": "#1"},
				"west": {"uv": [2, 4.5, 2.5, 5.5], "texture": "#1"},
				"up": {"uv": [6, 7.5, 5.5, 7], "texture": "#1"},
				"down": {"uv": [7.5, 5.5, 7, 6], "texture": "#1"}
			}
		},
		{
			"from": [4.99, 2.95, 5.2],
			"to": [6.01, 3.95, 5.35],
			"rotation": {"angle": -22.5, "axis": "x", "origin": [5.5, 2.7, 4.75366]},
			"faces": {
				"north": {"uv": [6, 7, 6.5, 7.5], "texture": "#1"},
				"east": {"uv": [7, 6, 7.5, 6.5], "texture": "#1"},
				"south": {"uv": [6.5, 7, 7, 7.5], "texture": "#1"},
				"west": {"uv": [7, 6.5, 7.5, 7], "texture": "#1"},
				"up": {"uv": [7.5, 7.5, 7, 7], "texture": "#1"},
				"down": {"uv": [0.5, 7.5, 0, 8], "texture": "#1"}
			}
		},
		{
			"from": [4.99, 2.7, 4.5],
			"to": [6.01, 3.95, 4.8],
			"rotation": {"angle": -22.5, "axis": "x", "origin": [5.5, 2.7, 4.75366]},
			"faces": {
				"north": {"uv": [7.5, 0, 8, 0.5], "texture": "#1"},
				"east": {"uv": [0.5, 7.5, 1, 8], "texture": "#1"},
				"south": {"uv": [7.5, 0.5, 8, 1], "texture": "#1"},
				"west": {"uv": [1, 7.5, 1.5, 8], "texture": "#1"},
				"up": {"uv": [8, 1.5, 7.5, 1], "texture": "#1"},
				"down": {"uv": [2, 7.5, 1.5, 8], "texture": "#1"}
			}
		},
		{
			"from": [5, 2.85, 4.52469],
			"to": [6, 3.6, 6.07469],
			"rotation": {"angle": 0, "axis": "y", "origin": [5.5, 3.33547, 3.67469]},
			"faces": {
				"north": {"uv": [7.5, 1.5, 8, 2], "texture": "#1"},
				"east": {"uv": [4, 2, 5, 2.5], "texture": "#1"},
				"south": {"uv": [2, 7.5, 2.5, 8], "texture": "#1"},
				"west": {"uv": [4.5, 3, 5.5, 3.5], "texture": "#1"},
				"up": {"uv": [3, 5.5, 2.5, 4.5], "texture": "#1"},
				"down": {"uv": [4, 4.5, 3.5, 5.5], "texture": "#1"}
			}
		},
		{
			"from": [4.99, 2.7, 5.8],
			"to": [6.01, 3.7, 6],
			"rotation": {"angle": -22.5, "axis": "x", "origin": [5.5, 2.7, 4.75366]},
			"faces": {
				"north": {"uv": [0.5, 15, 1, 15.5], "texture": "#1"},
				"east": {"uv": [0.5, 15.5, 1, 16], "texture": "#1"},
				"south": {"uv": [0, 15, 0.5, 15.5], "texture": "#1"},
				"west": {"uv": [0, 15.5, 0.5, 16], "texture": "#1"},
				"up": {"uv": [1.5, 16, 1, 15.5], "texture": "#1"},
				"down": {"uv": [16, 14.5, 14, 16], "texture": "#1"}
			}
		},
		{
			"from": [4.99, 3.6, 4.43636],
			"to": [6.01, 4, 6.68636],
			"rotation": {"angle": 0, "axis": "y", "origin": [5.5, 3.40039, 4.81136]},
			"faces": {
				"north": {"uv": [7.5, 3.5, 8, 4], "texture": "#1"},
				"east": {"uv": [4.5, 3.5, 5.5, 4], "texture": "#1"},
				"south": {"uv": [4, 7.5, 4.5, 8], "texture": "#1"},
				"west": {"uv": [4.5, 4, 5.5, 4.5], "texture": "#1"},
				"up": {"uv": [5, 5.5, 4.5, 4.5], "texture": "#1"},
				"down": {"uv": [0.5, 5, 0, 6], "texture": "#1"}
			}
		},
		{
			"from": [4.99, 4, 3.43636],
			"to": [6.01, 4.2, 7.93636],
			"rotation": {"angle": 0, "axis": "y", "origin": [5.5, 3.40039, 4.81136]},
			"faces": {
				"north": {"uv": [7.5, 4, 8, 4.5], "texture": "#1"},
				"east": {"uv": [0, 0, 2.5, 0.5], "texture": "#1"},
				"south": {"uv": [4.5, 7.5, 5, 8], "texture": "#1"},
				"west": {"uv": [0, 0.5, 2.5, 1], "texture": "#1"},
				"up": {"uv": [0.5, 3.5, 0, 1], "texture": "#1"},
				"down": {"uv": [1, 1, 0.5, 3.5], "texture": "#1"}
			}
		},
		{
			"from": [4.99, 4, 7.93636],
			"to": [6.01, 4.15, 8.18636],
			"rotation": {"angle": 0, "axis": "y", "origin": [5.5, 3.40039, 4.81136]},
			"faces": {
				"north": {"uv": [7.5, 4.5, 8, 5], "texture": "#1"},
				"east": {"uv": [5, 7.5, 5.5, 8], "texture": "#1"},
				"south": {"uv": [7.5, 5, 8, 5.5], "texture": "#1"},
				"west": {"uv": [5.5, 7.5, 6, 8], "texture": "#1"},
				"up": {"uv": [8, 6, 7.5, 5.5], "texture": "#1"},
				"down": {"uv": [6.5, 7.5, 6, 8], "texture": "#1"}
			}
		},
		{
			"from": [5.115, 4.075, 7.1],
			"to": [5.215, 4.425, 7.8],
			"rotation": {"angle": -22.5, "axis": "z", "origin": [5.165, 4.25, 7.45]},
			"faces": {
				"north": {"uv": [7.5, 6, 8, 6.5], "rotation": 90, "texture": "#1"},
				"east": {"uv": [8, 7.5, 7.5, 8], "rotation": 270, "texture": "#1"},
				"south": {"uv": [7.5, 6.5, 8, 7], "rotation": 270, "texture": "#1"},
				"west": {"uv": [8, 7.5, 7.5, 7], "rotation": 270, "texture": "#1"},
				"up": {"uv": [6.5, 7.5, 7, 8], "rotation": 270, "texture": "#1"},
				"down": {"uv": [7, 7.5, 7.5, 8], "rotation": 270, "texture": "#1"}
			}
		},
		{
			"from": [5.785, 4.075, 7.1],
			"to": [5.885, 4.425, 7.8],
			"rotation": {"angle": 22.5, "axis": "z", "origin": [5.835, 4.25, 7.45]},
			"faces": {
				"north": {"uv": [0, 8, 0.5, 8.5], "rotation": 90, "texture": "#1"},
				"east": {"uv": [8.5, 1, 8, 1.5], "rotation": 270, "texture": "#1"},
				"south": {"uv": [0.5, 8, 1, 8.5], "rotation": 270, "texture": "#1"},
				"west": {"uv": [1.5, 8.5, 1, 8], "rotation": 270, "texture": "#1"},
				"up": {"uv": [8, 0, 8.5, 0.5], "rotation": 270, "texture": "#1"},
				"down": {"uv": [8, 0.5, 8.5, 1], "rotation": 270, "texture": "#1"}
			}
		},
		{
			"from": [5.09, 4.2, 7.1],
			"to": [5.91, 4.25, 7.8],
			"rotation": {"angle": 0, "axis": "y", "origin": [5.5, 3.40039, 4.81136]},
			"faces": {
				"north": {"uv": [1.5, 8, 2, 8.5], "texture": "#1"},
				"east": {"uv": [8, 1.5, 8.5, 2], "texture": "#1"},
				"south": {"uv": [2, 8, 2.5, 8.5], "texture": "#1"},
				"west": {"uv": [8, 2, 8.5, 2.5], "texture": "#1"},
				"up": {"uv": [3, 8.5, 2.5, 8], "texture": "#1"},
				"down": {"uv": [8.5, 2.5, 8, 3], "texture": "#1"}
			}
		},
		{
			"from": [4.99, 3.55, 6.7],
			"to": [6.01, 4, 8.25],
			"rotation": {"angle": 0, "axis": "y", "origin": [5.5, 3.40039, 4.81136]},
			"faces": {
				"north": {"uv": [3, 8, 3.5, 8.5], "texture": "#1"},
				"east": {"uv": [5, 0, 6, 0.5], "texture": "#1"},
				"south": {"uv": [8, 3, 8.5, 3.5], "texture": "#1"},
				"west": {"uv": [0.5, 5, 1.5, 5.5], "texture": "#1"},
				"up": {"uv": [5.5, 1.5, 5, 0.5], "texture": "#1"},
				"down": {"uv": [2, 5, 1.5, 6], "texture": "#1"}
			}
		},
		{
			"from": [4.99, 3, 7.5],
			"to": [6.01, 3.8, 8.25],
			"rotation": {"angle": 0, "axis": "y", "origin": [5.5, 3.40039, 4.81136]},
			"faces": {
				"north": {"uv": [3.5, 8, 4, 8.5], "texture": "#1"},
				"east": {"uv": [8, 3.5, 8.5, 4], "texture": "#1"},
				"south": {"uv": [4, 8, 4.5, 8.5], "texture": "#1"},
				"west": {"uv": [8, 4, 8.5, 4.5], "texture": "#1"},
				"up": {"uv": [5, 8.5, 4.5, 8], "texture": "#1"},
				"down": {"uv": [8.5, 4.5, 8, 5], "texture": "#1"}
			}
		},
		{
			"from": [4.99, 3, 7.5],
			"to": [6.01, 3.3, 8.25],
			"rotation": {"angle": 0, "axis": "y", "origin": [5.5, 3.40039, 4.81136]},
			"faces": {
				"north": {"uv": [5, 8, 5.5, 8.5], "texture": "#1"},
				"east": {"uv": [8, 5, 8.5, 5.5], "texture": "#1"},
				"south": {"uv": [5.5, 8, 6, 8.5], "texture": "#1"},
				"west": {"uv": [8, 5.5, 8.5, 6], "texture": "#1"},
				"up": {"uv": [6.5, 8.5, 6, 8], "texture": "#1"},
				"down": {"uv": [8.5, 6, 8, 6.5], "texture": "#1"}
			}
		},
		{
			"from": [4.99, 3, 6.5],
			"to": [6.01, 3.3, 7.75],
			"rotation": {"angle": -45, "axis": "x", "origin": [5.5, 3.15, 7.875]},
			"faces": {
				"north": {"uv": [6.5, 8, 7, 8.5], "texture": "#1"},
				"east": {"uv": [8, 6.5, 8.5, 7], "texture": "#1"},
				"south": {"uv": [7, 8, 7.5, 8.5], "texture": "#1"},
				"west": {"uv": [8, 7, 8.5, 7.5], "texture": "#1"},
				"up": {"uv": [8, 8.5, 7.5, 8], "texture": "#1"},
				"down": {"uv": [8.5, 7.5, 8, 8], "texture": "#1"}
			}
		},
		{
			"from": [4.99, 3.19, 6],
			"to": [6.01, 4.14, 6.25],
			"rotation": {"angle": -22.5, "axis": "x", "origin": [5.5, 4.1, 6.31136]},
			"faces": {
				"north": {"uv": [8, 8, 8.5, 8.5], "texture": "#1"},
				"east": {"uv": [0, 8.5, 0.5, 9], "texture": "#1"},
				"south": {"uv": [8.5, 0, 9, 0.5], "texture": "#1"},
				"west": {"uv": [0.5, 8.5, 1, 9], "texture": "#1"},
				"up": {"uv": [9, 1, 8.5, 0.5], "texture": "#1"},
				"down": {"uv": [1.5, 8.5, 1, 9], "texture": "#1"}
			}
		},
		{
			"from": [4.99, 3.45, 6.45],
			"to": [6.01, 4, 6.7],
			"rotation": {"angle": -22.5, "axis": "x", "origin": [5.5, 4.1, 6.31136]},
			"faces": {
				"north": {"uv": [8.5, 1, 9, 1.5], "texture": "#1"},
				"east": {"uv": [1.5, 8.5, 2, 9], "texture": "#1"},
				"south": {"uv": [8.5, 1.5, 9, 2], "texture": "#1"},
				"west": {"uv": [2, 8.5, 2.5, 9], "texture": "#1"},
				"up": {"uv": [9, 2.5, 8.5, 2], "texture": "#1"},
				"down": {"uv": [3, 8.5, 2.5, 9], "texture": "#1"}
			}
		},
		{
			"from": [4.99, 2.94, 5.8],
			"to": [6.01, 4.39, 6.05],
			"rotation": {"angle": -22.5, "axis": "x", "origin": [5.5, 4.1, 6.31136]},
			"faces": {
				"north": {"uv": [8.5, 2.5, 9, 3], "texture": "#1"},
				"east": {"uv": [3, 8.5, 3.5, 9], "texture": "#1"},
				"south": {"uv": [8.5, 3, 9, 3.5], "texture": "#1"},
				"west": {"uv": [3.5, 8.5, 4, 9], "texture": "#1"},
				"up": {"uv": [9, 4, 8.5, 3.5], "texture": "#1"},
				"down": {"uv": [4.5, 8.5, 4, 9], "texture": "#1"}
			}
		},
		{
			"from": [4.99, 3.00179, 6.33065],
			"to": [6.01, 3.40179, 7.28065],
			"rotation": {"angle": 0, "axis": "y", "origin": [5.5, 3.62679, 6.30565]},
			"faces": {
				"north": {"uv": [8.5, 4, 9, 4.5], "texture": "#1"},
				"east": {"uv": [4.5, 8.5, 5, 9], "texture": "#1"},
				"south": {"uv": [8.5, 4.5, 9, 5], "texture": "#1"},
				"west": {"uv": [5, 8.5, 5.5, 9], "texture": "#1"},
				"up": {"uv": [9, 5.5, 8.5, 5], "texture": "#1"},
				"down": {"uv": [6, 8.5, 5.5, 9], "texture": "#1"}
			}
		},
		{
			"from": [4.99, 4.2, 3.43636],
			"to": [6.01, 4.3, 3.93636],
			"rotation": {"angle": 0, "axis": "y", "origin": [5.5, 3.40039, 4.81136]},
			"faces": {
				"north": {"uv": [8.5, 5.5, 9, 6], "texture": "#1"},
				"east": {"uv": [6, 8.5, 6.5, 9], "texture": "#1"},
				"south": {"uv": [8.5, 6, 9, 6.5], "texture": "#1"},
				"west": {"uv": [6.5, 8.5, 7, 9], "texture": "#1"},
				"up": {"uv": [9, 7, 8.5, 6.5], "texture": "#1"},
				"down": {"uv": [7.5, 8.5, 7, 9], "texture": "#1"}
			}
		},
		{
			"from": [5.34, 4.05, 3.5],
			"to": [5.66, 4.4, 3.65],
			"rotation": {"angle": 22.5, "axis": "x", "origin": [5.5, 4.25, 3.68636]},
			"faces": {
				"north": {"uv": [9, 7, 8.5, 6.5], "rotation": 180, "texture": "#1"},
				"east": {"uv": [6, 8.5, 6.5, 9], "rotation": 90, "texture": "#1"},
				"south": {"uv": [7.5, 8.5, 7, 9], "texture": "#1"},
				"west": {"uv": [6.5, 8.5, 7, 9], "rotation": 270, "texture": "#1"},
				"up": {"uv": [8.5, 6, 9, 6.5], "texture": "#1"},
				"down": {"uv": [8.5, 5.5, 9, 6], "rotation": 180, "texture": "#1"}
			}
		},
		{
			"from": [4.99, 3.25, 4.8],
			"to": [6.01, 3.65, 5.8],
			"rotation": {"angle": 0, "axis": "y", "origin": [5.5, 3.40039, 4.81136]},
			"faces": {
				"north": {"uv": [8.5, 7, 9, 7.5], "texture": "#1"},
				"east": {"uv": [7.5, 8.5, 8, 9], "texture": "#1"},
				"south": {"uv": [8.5, 7.5, 9, 8], "texture": "#1"},
				"west": {"uv": [8, 8.5, 8.5, 9], "texture": "#1"},
				"up": {"uv": [9, 8.5, 8.5, 8], "texture": "#1"},
				"down": {"uv": [9, 8.5, 8.5, 9], "texture": "#1"}
			}
		},
		{
			"from": [4.99, 2.25, 6],
			"to": [6.01, 2.5, 7.3],
			"rotation": {"angle": 0, "axis": "y", "origin": [5.5, 3.40039, 4.81136]},
			"faces": {
				"north": {"uv": [0, 9, 0.5, 9.5], "texture": "#1"},
				"east": {"uv": [9, 0, 9.5, 0.5], "texture": "#1"},
				"south": {"uv": [0.5, 9, 1, 9.5], "texture": "#1"},
				"west": {"uv": [9, 0.5, 9.5, 1], "texture": "#1"},
				"up": {"uv": [1.5, 9.5, 1, 9], "texture": "#1"},
				"down": {"uv": [9.5, 1, 9, 1.5], "texture": "#1"}
			}
		},
		{
			"from": [4.99, 2.65, 6],
			"to": [6.01, 2.85, 7.3],
			"rotation": {"angle": 0, "axis": "y", "origin": [5.5, 3.40039, 4.81136]},
			"faces": {
				"north": {"uv": [1.5, 9, 2, 9.5], "texture": "#1"},
				"east": {"uv": [9, 1.5, 9.5, 2], "texture": "#1"},
				"south": {"uv": [2, 9, 2.5, 9.5], "texture": "#1"},
				"west": {"uv": [9, 2, 9.5, 2.5], "texture": "#1"},
				"up": {"uv": [3, 9.5, 2.5, 9], "texture": "#1"},
				"down": {"uv": [9.5, 2.5, 9, 3], "texture": "#1"}
			}
		},
		{
			"from": [4.99, 2.65, 6.75],
			"to": [6.01, 2.85, 7.55],
			"rotation": {"angle": 0, "axis": "y", "origin": [5.5, 3.40039, 4.81136]},
			"faces": {
				"north": {"uv": [3, 9, 3.5, 9.5], "texture": "#1"},
				"east": {"uv": [9, 3, 9.5, 3.5], "texture": "#1"},
				"south": {"uv": [3.5, 9, 4, 9.5], "texture": "#1"},
				"west": {"uv": [9, 3.5, 9.5, 4], "texture": "#1"},
				"up": {"uv": [4.5, 9.5, 4, 9], "texture": "#1"},
				"down": {"uv": [9.5, 4, 9, 4.5], "texture": "#1"}
			}
		},
		{
			"from": [4.99, 2.2, 6],
			"to": [6.01, 2.25, 6.3],
			"rotation": {"angle": 0, "axis": "y", "origin": [5.5, 3.40039, 4.81136]},
			"faces": {
				"north": {"uv": [4.5, 9, 5, 9.5], "texture": "#1"},
				"east": {"uv": [9, 4.5, 9.5, 5], "texture": "#1"},
				"south": {"uv": [5, 9, 5.5, 9.5], "texture": "#1"},
				"west": {"uv": [9, 5, 9.5, 5.5], "texture": "#1"},
				"up": {"uv": [6, 9.5, 5.5, 9], "texture": "#1"},
				"down": {"uv": [9.5, 5.5, 9, 6], "texture": "#1"}
			}
		},
		{
			"from": [4.99, 2.15, 6.5],
			"to": [6.01, 2.25, 6.8],
			"rotation": {"angle": 0, "axis": "y", "origin": [5.5, 3.40039, 4.81136]},
			"faces": {
				"north": {"uv": [6, 9, 6.5, 9.5], "texture": "#1"},
				"east": {"uv": [9, 6, 9.5, 6.5], "texture": "#1"},
				"south": {"uv": [6.5, 9, 7, 9.5], "texture": "#1"},
				"west": {"uv": [9, 6.5, 9.5, 7], "texture": "#1"},
				"up": {"uv": [7.5, 9.5, 7, 9], "texture": "#1"},
				"down": {"uv": [9.5, 7, 9, 7.5], "texture": "#1"}
			}
		},
		{
			"from": [4.99, 2.9, 5],
			"to": [6.01, 3.25, 6],
			"rotation": {"angle": 0, "axis": "y", "origin": [5.5, 3.40039, 4.81136]},
			"faces": {
				"north": {"uv": [7.5, 9, 8, 9.5], "texture": "#1"},
				"east": {"uv": [9, 7.5, 9.5, 8], "texture": "#1"},
				"south": {"uv": [8, 9, 8.5, 9.5], "texture": "#1"},
				"west": {"uv": [9, 8, 9.5, 8.5], "texture": "#1"},
				"up": {"uv": [9, 9.5, 8.5, 9], "texture": "#1"},
				"down": {"uv": [9.5, 8.5, 9, 9], "texture": "#1"}
			}
		},
		{
			"from": [4.99, 1.95, 3.5037],
			"to": [6.01, 2.3, 3.8037],
			"rotation": {"angle": 0, "axis": "y", "origin": [5.5, 2.75209, 9.50366]},
			"faces": {
				"north": {"uv": [9, 9, 9.5, 9.5], "texture": "#1"},
				"east": {"uv": [0, 9.5, 0.5, 10], "texture": "#1"},
				"south": {"uv": [9.5, 0, 10, 0.5], "texture": "#1"},
				"west": {"uv": [0.5, 9.5, 1, 10], "texture": "#1"},
				"up": {"uv": [10, 1, 9.5, 0.5], "texture": "#1"},
				"down": {"uv": [1.5, 9.5, 1, 10], "texture": "#1"}
			}
		},
		{
			"from": [5.02, 2.7, 3.45],
			"to": [5.98, 4.05, 7.1],
			"rotation": {"angle": 0, "axis": "y", "origin": [5.5, 2.75209, 9.50366]},
			"faces": {
				"north": {"uv": [9.5, 1, 10, 1.5], "texture": "#1"},
				"east": {"uv": [1, 1, 3, 1.5], "texture": "#1"},
				"south": {"uv": [1.5, 9.5, 2, 10], "texture": "#1"},
				"west": {"uv": [1, 1.5, 3, 2], "texture": "#1"},
				"up": {"uv": [1.5, 4, 1, 2], "texture": "#1"},
				"down": {"uv": [2, 2, 1.5, 4], "texture": "#1"}
			}
		},
		{
			"from": [5.02, 2.45, 3.45],
			"to": [5.98, 2.8, 7.35],
			"rotation": {"angle": 0, "axis": "y", "origin": [5.5, 2.75209, 9.50366]},
			"faces": {
				"north": {"uv": [9.5, 1.5, 10, 2], "texture": "#1"},
				"east": {"uv": [2, 2, 4, 2.5], "texture": "#1"},
				"south": {"uv": [2, 9.5, 2.5, 10], "texture": "#1"},
				"west": {"uv": [2.5, 0, 4.5, 0.5], "texture": "#1"},
				"up": {"uv": [2.5, 4.5, 2, 2.5], "texture": "#1"},
				"down": {"uv": [3, 2.5, 2.5, 4.5], "texture": "#1"}
			}
		},
		{
			"from": [5.02, 2.7, 6.7],
			"to": [5.98, 3.8, 8.1],
			"rotation": {"angle": 0, "axis": "y", "origin": [5.5, 2.75209, 9.50366]},
			"faces": {
				"north": {"uv": [9.5, 2, 10, 2.5], "texture": "#1"},
				"east": {"uv": [2.5, 9.5, 3, 10], "texture": "#1"},
				"south": {"uv": [9.5, 2.5, 10, 3], "texture": "#1"},
				"west": {"uv": [3, 9.5, 3.5, 10], "texture": "#1"},
				"up": {"uv": [10, 3.5, 9.5, 3], "texture": "#1"},
				"down": {"uv": [4, 9.5, 3.5, 10], "texture": "#1"}
			}
		},
		{
			"from": [5.7, 2.7, 3.3],
			"to": [5.8, 3.8, 3.4],
			"rotation": {"angle": 0, "axis": "y", "origin": [5.5, 2.75209, 9.50366]},
			"faces": {
				"north": {"uv": [9.5, 3.5, 10, 4], "texture": "#1"},
				"east": {"uv": [4, 9.5, 4.5, 10], "texture": "#1"},
				"south": {"uv": [9.5, 4, 10, 4.5], "texture": "#1"},
				"west": {"uv": [4.5, 9.5, 5, 10], "texture": "#1"},
				"up": {"uv": [10, 5, 9.5, 4.5], "texture": "#1"},
				"down": {"uv": [5.5, 9.5, 5, 10], "texture": "#1"}
			}
		},
		{
			"from": [5.2, 2.7, 3.3],
			"to": [5.3, 3.8, 3.4],
			"rotation": {"angle": 0, "axis": "y", "origin": [5.5, 2.75209, 9.50366]},
			"faces": {
				"north": {"uv": [9.5, 5, 10, 5.5], "texture": "#1"},
				"east": {"uv": [5.5, 9.5, 6, 10], "texture": "#1"},
				"south": {"uv": [9.5, 5.5, 10, 6], "texture": "#1"},
				"west": {"uv": [6, 9.5, 6.5, 10], "texture": "#1"},
				"up": {"uv": [10, 6.5, 9.5, 6], "texture": "#1"},
				"down": {"uv": [7, 9.5, 6.5, 10], "texture": "#1"}
			}
		},
		{
			"from": [5.3, 2.8, 3.3],
			"to": [5.7, 3.7, 3.4],
			"rotation": {"angle": 0, "axis": "y", "origin": [5.5, 2.75209, 9.50366]},
			"faces": {
				"north": {"uv": [9.5, 6.5, 10, 7], "texture": "#1"},
				"east": {"uv": [7, 9.5, 7.5, 10], "texture": "#1"},
				"south": {"uv": [9.5, 7, 10, 7.5], "texture": "#1"},
				"west": {"uv": [7.5, 9.5, 8, 10], "texture": "#1"},
				"up": {"uv": [10, 8, 9.5, 7.5], "texture": "#1"},
				"down": {"uv": [8.5, 9.5, 8, 10], "texture": "#1"}
			}
		},
		{
			"from": [5.2, 3.7, 3.3],
			"to": [5.8, 3.8, 3.4],
			"rotation": {"angle": 0, "axis": "y", "origin": [5.125, 3.375, 3.35]},
			"faces": {
				"north": {"uv": [9.5, 8, 10, 8.5], "texture": "#1"},
				"east": {"uv": [8.5, 9.5, 9, 10], "texture": "#1"},
				"south": {"uv": [9.5, 8.5, 10, 9], "texture": "#1"},
				"west": {"uv": [9, 9.5, 9.5, 10], "texture": "#1"},
				"up": {"uv": [10, 9.5, 9.5, 9], "texture": "#1"},
				"down": {"uv": [10, 9.5, 9.5, 10], "texture": "#1"}
			}
		},
		{
			"from": [5.2, 2.7, 3.3],
			"to": [5.8, 2.8, 3.4],
			"rotation": {"angle": 0, "axis": "y", "origin": [5.125, 3.375, 3.35]},
			"faces": {
				"north": {"uv": [0, 10, 0.5, 10.5], "texture": "#1"},
				"east": {"uv": [10, 0, 10.5, 0.5], "texture": "#1"},
				"south": {"uv": [0.5, 10, 1, 10.5], "texture": "#1"},
				"west": {"uv": [10, 0.5, 10.5, 1], "texture": "#1"},
				"up": {"uv": [1.5, 10.5, 1, 10], "texture": "#1"},
				"down": {"uv": [10.5, 1, 10, 1.5], "texture": "#1"}
			}
		},
		{
			"from": [5.03, 2.7521, 7.75366],
			"to": [5.97, 3.0021, 9.50366],
			"rotation": {"angle": 0, "axis": "y", "origin": [5.5, 2.75209, 9.50366]},
			"faces": {
				"north": {"uv": [1.5, 10, 2, 10.5], "texture": "#1"},
				"east": {"uv": [5, 1.5, 6, 2], "texture": "#1"},
				"south": {"uv": [10, 1.5, 10.5, 2], "texture": "#1"},
				"west": {"uv": [5, 2, 6, 2.5], "texture": "#1"},
				"up": {"uv": [3.5, 6, 3, 5], "texture": "#1"},
				"down": {"uv": [4.5, 5, 4, 6], "texture": "#1"}
			}
		},
		{
			"from": [4.99, 3.0021, 8.25366],
			"to": [6.01, 3.5021, 9.75366],
			"rotation": {"angle": 0, "axis": "y", "origin": [5.5, 2.75209, 9.50366]},
			"faces": {
				"north": {"uv": [2, 10, 2.5, 10.5], "texture": "#1"},
				"east": {"uv": [5, 2.5, 6, 3], "texture": "#1"},
				"south": {"uv": [10, 2, 10.5, 2.5], "texture": "#1"},
				"west": {"uv": [5, 4.5, 6, 5], "texture": "#1"},
				"up": {"uv": [5.5, 6, 5, 5], "texture": "#1"},
				"down": {"uv": [1, 5.5, 0.5, 6.5], "texture": "#1"}
			}
		},
		{
			"from": [4.99, 3.2521, 9.75366],
			"to": [6.01, 3.5021, 10.00366],
			"rotation": {"angle": 0, "axis": "y", "origin": [5.5, 2.75209, 9.50366]},
			"faces": {
				"north": {"uv": [2.5, 10, 3, 10.5], "texture": "#1"},
				"east": {"uv": [10, 2.5, 10.5, 3], "texture": "#1"},
				"south": {"uv": [3, 10, 3.5, 10.5], "texture": "#1"},
				"west": {"uv": [10, 3, 10.5, 3.5], "texture": "#1"},
				"up": {"uv": [4, 10.5, 3.5, 10], "texture": "#1"},
				"down": {"uv": [10.5, 3.5, 10, 4], "texture": "#1"}
			}
		},
		{
			"from": [5, 3.5, 8.05],
			"to": [6, 4, 9.8],
			"rotation": {"angle": 22.5, "axis": "x", "origin": [5.5, 3.70032, 8.45189]},
			"faces": {
				"north": {"uv": [4, 10, 4.5, 10.5], "texture": "#1"},
				"east": {"uv": [5.5, 0.5, 6.5, 1], "texture": "#1"},
				"south": {"uv": [10, 4, 10.5, 4.5], "texture": "#1"},
				"west": {"uv": [5.5, 1, 6.5, 1.5], "texture": "#1"},
				"up": {"uv": [1.5, 6.5, 1, 5.5], "texture": "#1"},
				"down": {"uv": [2.5, 5.5, 2, 6.5], "texture": "#1"}
			}
		},
		{
			"from": [5, 3.31517, 8.033],
			"to": [6, 3.56517, 8.533],
			"rotation": {"angle": 0, "axis": "y", "origin": [5.5, 3.56517, 8.908]},
			"faces": {
				"north": {"uv": [4.5, 10, 5, 10.5], "texture": "#1"},
				"east": {"uv": [10, 4.5, 10.5, 5], "texture": "#1"},
				"south": {"uv": [5, 10, 5.5, 10.5], "texture": "#1"},
				"west": {"uv": [10, 5, 10.5, 5.5], "texture": "#1"},
				"up": {"uv": [6, 10.5, 5.5, 10], "texture": "#1"},
				"down": {"uv": [10.5, 5.5, 10, 6], "texture": "#1"}
			}
		},
		{
			"from": [5.01, 2.00209, 8.50366],
			"to": [5.99, 2.75209, 8.75366],
			"rotation": {"angle": 0, "axis": "y", "origin": [5.5, 3.87709, 9.37866]},
			"faces": {
				"north": {"uv": [6, 10, 6.5, 10.5], "texture": "#1"},
				"east": {"uv": [10, 6, 10.5, 6.5], "texture": "#1"},
				"south": {"uv": [6.5, 10, 7, 10.5], "texture": "#1"},
				"west": {"uv": [10, 6.5, 10.5, 7], "texture": "#1"},
				"up": {"uv": [7.5, 10.5, 7, 10], "texture": "#1"},
				"down": {"uv": [10.5, 7, 10, 7.5], "texture": "#1"}
			}
		},
		{
			"from": [5.01, 1.50209, 8.75366],
			"to": [5.99, 2.25209, 9.00366],
			"rotation": {"angle": 45, "axis": "x", "origin": [5.5, 2.37709, 8.62866]},
			"faces": {
				"north": {"uv": [7.5, 10, 8, 10.5], "texture": "#1"},
				"east": {"uv": [10, 7.5, 10.5, 8], "texture": "#1"},
				"south": {"uv": [8, 10, 8.5, 10.5], "texture": "#1"},
				"west": {"uv": [10, 8, 10.5, 8.5], "texture": "#1"},
				"up": {"uv": [9, 10.5, 8.5, 10], "texture": "#1"},
				"down": {"uv": [10.5, 8.5, 10, 9], "texture": "#1"}
			}
		},
		{
			"from": [5.26, 2.00209, 8.00366],
			"to": [5.76, 2.50209, 8.25366],
			"rotation": {"angle": 22.5, "axis": "x", "origin": [5.5, 2.37709, 8.62866]},
			"faces": {
				"north": {"uv": [9, 5.5, 9.5, 6], "texture": "#1"},
				"east": {"uv": [9, 5, 9.5, 5.5], "texture": "#1"},
				"south": {"uv": [8.5, 5.5, 9, 6], "texture": "#1"},
				"west": {"uv": [9, 6.5, 9.5, 7], "texture": "#1"},
				"up": {"uv": [9, 6.5, 8.5, 6], "texture": "#1"},
				"down": {"uv": [9.5, 5, 9, 5.5], "texture": "#1"}
			}
		},
		{
			"from": [5.01, 1.47176, 7.32689],
			"to": [5.99, 1.72176, 8.32689],
			"rotation": {"angle": 0, "axis": "y", "origin": [5.5, 1.84676, 8.45189]},
			"faces": {
				"north": {"uv": [9, 10, 9.5, 10.5], "texture": "#1"},
				"east": {"uv": [10, 9, 10.5, 9.5], "texture": "#1"},
				"south": {"uv": [9.5, 10, 10, 10.5], "texture": "#1"},
				"west": {"uv": [10, 9.5, 10.5, 10], "texture": "#1"},
				"up": {"uv": [10.5, 10.5, 10, 10], "texture": "#1"},
				"down": {"uv": [0.5, 10.5, 0, 11], "texture": "#1"}
			}
		},
		{
			"from": [5.01, 1.59676, 7.45189],
			"to": [5.99, 2.59676, 7.70189],
			"rotation": {"angle": 0, "axis": "y", "origin": [5.5, 1.59676, 7.82689]},
			"faces": {
				"north": {"uv": [10.5, 0, 11, 0.5], "texture": "#1"},
				"east": {"uv": [0.5, 10.5, 1, 11], "texture": "#1"},
				"south": {"uv": [10.5, 0.5, 11, 1], "texture": "#1"},
				"west": {"uv": [1, 10.5, 1.5, 11], "texture": "#1"},
				"up": {"uv": [11, 1.5, 10.5, 1], "texture": "#1"},
				"down": {"uv": [2, 10.5, 1.5, 11], "texture": "#1"}
			}
		},
		{
			"from": [5.01, 2.5, 7.25366],
			"to": [5.99, 2.9, 8.00366],
			"rotation": {"angle": -22.5, "axis": "x", "origin": [5.5, 2.62709, 7.87866]},
			"faces": {
				"north": {"uv": [10.5, 1.5, 11, 2], "texture": "#1"},
				"east": {"uv": [2, 10.5, 2.5, 11], "texture": "#1"},
				"south": {"uv": [10.5, 2, 11, 2.5], "texture": "#1"},
				"west": {"uv": [2.5, 10.5, 3, 11], "texture": "#1"},
				"up": {"uv": [11, 3, 10.5, 2.5], "texture": "#1"},
				"down": {"uv": [3.5, 10.5, 3, 11], "texture": "#1"}
			}
		},
		{
			"from": [5, 2.5, 9.5],
			"to": [6, 3.25, 9.75],
			"rotation": {"angle": -22.5, "axis": "x", "origin": [5.5, 1, 10.5]},
			"faces": {
				"north": {"uv": [10.5, 3, 11, 3.5], "texture": "#1"},
				"east": {"uv": [3.5, 10.5, 4, 11], "texture": "#1"},
				"south": {"uv": [10.5, 3.5, 11, 4], "texture": "#1"},
				"west": {"uv": [4, 10.5, 4.5, 11], "texture": "#1"},
				"up": {"uv": [11, 4.5, 10.5, 4], "texture": "#1"},
				"down": {"uv": [5, 10.5, 4.5, 11], "texture": "#1"}
			}
		}
	],
	"display": {
		"thirdperson_righthand": {
			"translation": [2.75, 6.25, -0.5],
			"scale": [1.16602, 1.16602, 1.16602]
		},
		"thirdperson_lefthand": {
			"translation": [-2.75, 6.25, -0.5],
			"scale": [1.16602, 1.16602, 1.16602]
		},
		"firstperson_righthand": {
			"rotation": [-5, -11, 0],
			"translation": [13, 15, -0.5],
			"scale": [2, 2, 2]
		},
		"firstperson_lefthand": {
			"rotation": [0, -17, 0],
			"translation": [4.25, 12.75, 0.25],
			"scale": [2, 2, 2]
		},
		"ground": {
			"rotation": [0, 0, 90],
			"translation": [-8.25, 1, 1.25],
			"scale": [1.5, 1.5, 1.5]
		},
		"gui": {
			"rotation": [-136.96, -55.11, -149.67],
			"translation": [-0.5, 9.25, 0],
			"scale": [1.94531, 1.94531, 1.94531]
		},
		"head": {
			"rotation": [-141.75, 0, -180],
			"translation": [-12.5, -16, 5],
			"scale": [2, 2, 2]
		},
		"fixed": {
			"rotation": [0, -90, 0],
			"translation": [-2.25, 12.75, 6],
			"scale": [2.5, 2.5, 2.5]
		}
	}
}