{
	"parent": "item/generated",
	"textures": {
		"layer0": "item/deagle_alt"
	},
	"display": {
		"thirdperson_righthand": {
			"rotation": [0, -90, 55],
			"translation": [0, 0, -0.5],
			"scale": [0.75, 0.75, 0.75]
		},
		"thirdperson_lefthand": {
			"rotation": [0, 90, -55],
			"translation": [0, 0, 0.5],
			"scale": [0.75, 0.75, 0.75]
		},
		"firstperson_righthand": {
			"rotation": [0, -80, 40],
			"translation": [-2, 3, 0],
			"scale": [0.68, 0.68, 0.68]
		},
		"firstperson_lefthand": {
			"rotation": [0, 100, -40],
			"translation": [-3, 3, 1.13],
			"scale": [0.68, 0.68, 0.68]
		}
	}
}