{
	"credit": "Made with Blockbench",
	"texture_size": [64, 64],
	"textures": {
		"0": "item/nvgoggle",
		"particle": "item/nvgoggle"
	},
	"elements": [
		{
			"from": [0, 6, -2],
			"to": [16, 10, -1],
			"rotation": {"angle": 0, "axis": "y", "origin": [5, 7.625, 8.5]},
			"faces": {
				"north": {"uv": [6.5, 0.25, 10.5, 1.25], "texture": "#0"},
				"east": {"uv": [6.25, 0.25, 6.5, 1.25], "texture": "#0"},
				"south": {"uv": [10.75, 0.25, 14.75, 1.25], "texture": "#0"},
				"west": {"uv": [10.5, 0.25, 10.75, 1.25], "texture": "#0"},
				"up": {"uv": [10.5, 0.25, 6.5, 0], "texture": "#0"},
				"down": {"uv": [14.5, 0, 10.5, 0.25], "texture": "#0"}
			}
		},
		{
			"from": [5, 10, -2],
			"to": [11, 15, -1],
			"rotation": {"angle": 0, "axis": "y", "origin": [5, 7.625, 8.5]},
			"faces": {
				"north": {"uv": [0.25, 3, 1.75, 4.25], "texture": "#0"},
				"east": {"uv": [0, 3, 0.25, 4.25], "texture": "#0"},
				"south": {"uv": [2, 3, 3.5, 4.25], "texture": "#0"},
				"west": {"uv": [1.75, 3, 2, 4.25], "texture": "#0"},
				"up": {"uv": [1.75, 3, 0.25, 2.75], "texture": "#0"},
				"down": {"uv": [3.25, 2.75, 1.75, 3], "texture": "#0"}
			}
		},
		{
			"from": [9, 10, -6],
			"to": [10, 14, -2],
			"rotation": {"angle": 0, "axis": "y", "origin": [5, 7.625, 8.5]},
			"faces": {
				"north": {"uv": [5.75, 7, 6, 8], "texture": "#0"},
				"east": {"uv": [4.75, 7, 5.75, 8], "texture": "#0"},
				"south": {"uv": [7, 7, 7.25, 8], "texture": "#0"},
				"west": {"uv": [6, 7, 7, 8], "texture": "#0"},
				"up": {"uv": [6, 7, 5.75, 6], "texture": "#0"},
				"down": {"uv": [6.25, 6, 6, 7], "texture": "#0"}
			}
		},
		{
			"from": [12, 6.5, -5],
			"to": [13, 9.5, -2],
			"rotation": {"angle": 0, "axis": "y", "origin": [5, 7.625, 8.5]},
			"faces": {
				"north": {"uv": [0.75, 10.5, 1, 11.25], "texture": "#0"},
				"east": {"uv": [0, 10.5, 0.75, 11.25], "texture": "#0"},
				"south": {"uv": [1.75, 10.5, 2, 11.25], "texture": "#0"},
				"west": {"uv": [1, 10.5, 1.75, 11.25], "texture": "#0"},
				"up": {"uv": [1, 10.5, 0.75, 9.75], "texture": "#0"},
				"down": {"uv": [1.25, 9.75, 1, 10.5], "texture": "#0"}
			}
		},
		{
			"from": [5, 6.5, -5],
			"to": [6, 9.5, -2],
			"rotation": {"angle": 0, "axis": "y", "origin": [-2, 7.625, 8.5]},
			"faces": {
				"north": {"uv": [10.25, 8.75, 10.5, 9.5], "texture": "#0"},
				"east": {"uv": [9.5, 8.75, 10.25, 9.5], "texture": "#0"},
				"south": {"uv": [11.25, 8.75, 11.5, 9.5], "texture": "#0"},
				"west": {"uv": [10.5, 8.75, 11.25, 9.5], "texture": "#0"},
				"up": {"uv": [10.5, 8.75, 10.25, 8], "texture": "#0"},
				"down": {"uv": [10.75, 8, 10.5, 8.75], "texture": "#0"}
			}
		},
		{
			"from": [10, 6.5, -5],
			"to": [11, 9.5, -2],
			"rotation": {"angle": 0, "axis": "y", "origin": [5, 7.625, 8.5]},
			"faces": {
				"north": {"uv": [2.5, 7.75, 2.75, 8.5], "texture": "#0"},
				"east": {"uv": [1.75, 7.75, 2.5, 8.5], "texture": "#0"},
				"south": {"uv": [3.5, 7.75, 3.75, 8.5], "texture": "#0"},
				"west": {"uv": [2.75, 7.75, 3.5, 8.5], "texture": "#0"},
				"up": {"uv": [2.75, 7.75, 2.5, 7], "texture": "#0"},
				"down": {"uv": [3, 7, 2.75, 7.75], "texture": "#0"}
			}
		},
		{
			"from": [3, 6.5, -5],
			"to": [4, 9.5, -2],
			"rotation": {"angle": 0, "axis": "y", "origin": [-2, 7.625, 8.5]},
			"faces": {
				"north": {"uv": [7.25, 8, 7.5, 8.75], "texture": "#0"},
				"east": {"uv": [6.5, 8, 7.25, 8.75], "texture": "#0"},
				"south": {"uv": [8.25, 8, 8.5, 8.75], "texture": "#0"},
				"west": {"uv": [7.5, 8, 8.25, 8.75], "texture": "#0"},
				"up": {"uv": [7.5, 8, 7.25, 7.25], "texture": "#0"},
				"down": {"uv": [7.75, 7.25, 7.5, 8], "texture": "#0"}
			}
		},
		{
			"from": [11, 8.5, -5],
			"to": [12, 9.5, -2],
			"rotation": {"angle": 0, "axis": "y", "origin": [5, 7.625, 8.5]},
			"faces": {
				"north": {"uv": [4, 10.75, 4.25, 11], "texture": "#0"},
				"east": {"uv": [3.25, 10.75, 4, 11], "texture": "#0"},
				"south": {"uv": [5, 10.75, 5.25, 11], "texture": "#0"},
				"west": {"uv": [4.25, 10.75, 5, 11], "texture": "#0"},
				"up": {"uv": [4.25, 10.75, 4, 10], "texture": "#0"},
				"down": {"uv": [4.5, 10, 4.25, 10.75], "texture": "#0"}
			}
		},
		{
			"from": [4, 8.5, -5],
			"to": [5, 9.5, -2],
			"rotation": {"angle": 0, "axis": "y", "origin": [-2, 7.625, 8.5]},
			"faces": {
				"north": {"uv": [0.75, 8.5, 1, 8.75], "texture": "#0"},
				"east": {"uv": [0, 8.5, 0.75, 8.75], "texture": "#0"},
				"south": {"uv": [1.75, 8.5, 2, 8.75], "texture": "#0"},
				"west": {"uv": [1, 8.5, 1.75, 8.75], "texture": "#0"},
				"up": {"uv": [1, 8.5, 0.75, 7.75], "texture": "#0"},
				"down": {"uv": [1.25, 7.75, 1, 8.5], "texture": "#0"}
			}
		},
		{
			"from": [11, 6.5, -5],
			"to": [12, 7.5, -2],
			"rotation": {"angle": 0, "axis": "y", "origin": [5, 7.625, 8.5]},
			"faces": {
				"north": {"uv": [2.25, 6.5, 2.5, 6.75], "texture": "#0"},
				"east": {"uv": [1.5, 6.5, 2.25, 6.75], "texture": "#0"},
				"south": {"uv": [3.25, 6.5, 3.5, 6.75], "texture": "#0"},
				"west": {"uv": [2.5, 6.5, 3.25, 6.75], "texture": "#0"},
				"up": {"uv": [2.5, 6.5, 2.25, 5.75], "texture": "#0"},
				"down": {"uv": [2.75, 5.75, 2.5, 6.5], "texture": "#0"}
			}
		},
		{
			"from": [4, 6.5, -5],
			"to": [5, 7.5, -2],
			"rotation": {"angle": 0, "axis": "y", "origin": [-2, 7.625, 8.5]},
			"faces": {
				"north": {"uv": [2.75, 10.5, 3, 10.75], "texture": "#0"},
				"east": {"uv": [2, 10.5, 2.75, 10.75], "texture": "#0"},
				"south": {"uv": [3.75, 10.5, 4, 10.75], "texture": "#0"},
				"west": {"uv": [3, 10.5, 3.75, 10.75], "texture": "#0"},
				"up": {"uv": [3, 10.5, 2.75, 9.75], "texture": "#0"},
				"down": {"uv": [3.25, 9.75, 3, 10.5], "texture": "#0"}
			}
		},
		{
			"from": [11, 7.5, -4.5],
			"to": [12, 8.5, -2],
			"rotation": {"angle": 0, "axis": "y", "origin": [5, 7.625, 8.5]},
			"faces": {
				"north": {"uv": [3, 0.5, 3.25, 0.75], "texture": "#0"},
				"east": {"uv": [2.5, 0.5, 3, 0.75], "texture": "#0"},
				"south": {"uv": [3.75, 0.5, 4, 0.75], "texture": "#0"},
				"west": {"uv": [3.25, 0.5, 3.75, 0.75], "texture": "#0"},
				"up": {"uv": [3.25, 0.5, 3, 0], "texture": "#0"},
				"down": {"uv": [3.5, 0, 3.25, 0.5], "texture": "#0"}
			}
		},
		{
			"from": [4, 7.5, -4.5],
			"to": [5, 8.5, -2],
			"rotation": {"angle": 0, "axis": "y", "origin": [5, 7.625, 8.5]},
			"faces": {
				"north": {"uv": [3, 1.25, 3.25, 1.5], "texture": "#0"},
				"east": {"uv": [2.5, 1.25, 3, 1.5], "texture": "#0"},
				"south": {"uv": [3.75, 1.25, 4, 1.5], "texture": "#0"},
				"west": {"uv": [3.25, 1.25, 3.75, 1.5], "texture": "#0"},
				"up": {"uv": [3.25, 1.25, 3, 0.75], "texture": "#0"},
				"down": {"uv": [3.5, 0.75, 3.25, 1.25], "texture": "#0"}
			}
		},
		{
			"from": [6, 10, -6],
			"to": [7, 14, -2],
			"rotation": {"angle": 0, "axis": "y", "origin": [5, 7.625, 8.5]},
			"faces": {
				"north": {"uv": [1, 6.75, 1.25, 7.75], "texture": "#0"},
				"east": {"uv": [0, 6.75, 1, 7.75], "texture": "#0"},
				"south": {"uv": [2.25, 6.75, 2.5, 7.75], "texture": "#0"},
				"west": {"uv": [1.25, 6.75, 2.25, 7.75], "texture": "#0"},
				"up": {"uv": [1.25, 6.75, 1, 5.75], "texture": "#0"},
				"down": {"uv": [1.5, 5.75, 1.25, 6.75], "texture": "#0"}
			}
		},
		{
			"from": [7, 13, -6],
			"to": [9, 14, -2],
			"rotation": {"angle": 0, "axis": "y", "origin": [5, 7.625, 8.5]},
			"faces": {
				"north": {"uv": [9.25, 4, 9.75, 4.25], "texture": "#0"},
				"east": {"uv": [8.25, 4, 9.25, 4.25], "texture": "#0"},
				"south": {"uv": [10.75, 4, 11.25, 4.25], "texture": "#0"},
				"west": {"uv": [9.75, 4, 10.75, 4.25], "texture": "#0"},
				"up": {"uv": [9.75, 4, 9.25, 3], "texture": "#0"},
				"down": {"uv": [10.25, 3, 9.75, 4], "texture": "#0"}
			}
		},
		{
			"from": [6, 16, -1],
			"to": [10, 17, 16],
			"rotation": {"angle": 0, "axis": "y", "origin": [2, 8, 8]},
			"faces": {
				"north": {"uv": [4.25, 4.25, 5.25, 4.5], "texture": "#0"},
				"east": {"uv": [0, 4.25, 4.25, 4.5], "texture": "#0"},
				"south": {"uv": [9.5, 4.25, 10.5, 4.5], "texture": "#0"},
				"west": {"uv": [5.25, 4.25, 9.5, 4.5], "texture": "#0"},
				"up": {"uv": [5.25, 4.25, 4.25, 0], "texture": "#0"},
				"down": {"uv": [6.25, 0, 5.25, 4.25], "texture": "#0"}
			}
		},
		{
			"from": [-1, 6.125, 0],
			"to": [0, 10.125, 17],
			"rotation": {"angle": 0, "axis": "y", "origin": [2, 10.125, 8]},
			"faces": {
				"north": {"uv": [9, 9.75, 9.25, 10.75], "texture": "#0"},
				"east": {"uv": [4.75, 9.75, 9, 10.75], "texture": "#0"},
				"south": {"uv": [13.5, 9.75, 13.75, 10.75], "texture": "#0"},
				"west": {"uv": [9.25, 9.75, 13.5, 10.75], "texture": "#0"},
				"up": {"uv": [9.25, 9.75, 9, 5.5], "texture": "#0"},
				"down": {"uv": [9.5, 5.5, 9.25, 9.75], "texture": "#0"}
			}
		},
		{
			"from": [0, 6.125, 16],
			"to": [6, 10.125, 17],
			"rotation": {"angle": 0, "axis": "y", "origin": [2, 10.125, 9]},
			"faces": {
				"north": {"uv": [5, 5, 6.5, 6], "texture": "#0"},
				"east": {"uv": [4.75, 5, 5, 6], "texture": "#0"},
				"south": {"uv": [6.75, 5, 8.25, 6], "texture": "#0"},
				"west": {"uv": [6.5, 5, 6.75, 6], "texture": "#0"},
				"up": {"uv": [6.5, 5, 5, 4.75], "texture": "#0"},
				"down": {"uv": [8, 4.75, 6.5, 5], "texture": "#0"}
			}
		},
		{
			"from": [6, 6.125, 16],
			"to": [10, 17, 17],
			"rotation": {"angle": 0, "axis": "y", "origin": [2, 7.875, 8]},
			"faces": {
				"north": {"uv": [0.25, 0.25, 1.25, 2.75], "texture": "#0"},
				"east": {"uv": [0, 0.25, 0.25, 2.75], "texture": "#0"},
				"south": {"uv": [1.5, 0.25, 2.5, 2.75], "texture": "#0"},
				"west": {"uv": [1.25, 0.25, 1.5, 2.75], "texture": "#0"},
				"up": {"uv": [1.25, 0.25, 0.25, 0], "texture": "#0"},
				"down": {"uv": [2.25, 0, 1.25, 0.25], "texture": "#0"}
			}
		},
		{
			"from": [10, 6.125, 16],
			"to": [16, 10.125, 17],
			"rotation": {"angle": 0, "axis": "y", "origin": [2, 10.125, 9]},
			"faces": {
				"north": {"uv": [0.25, 4.75, 1.75, 5.75], "texture": "#0"},
				"east": {"uv": [0, 4.75, 0.25, 5.75], "texture": "#0"},
				"south": {"uv": [2, 4.75, 3.5, 5.75], "texture": "#0"},
				"west": {"uv": [1.75, 4.75, 2, 5.75], "texture": "#0"},
				"up": {"uv": [1.75, 4.75, 0.25, 4.5], "texture": "#0"},
				"down": {"uv": [3.25, 4.5, 1.75, 4.75], "texture": "#0"}
			}
		},
		{
			"from": [16, 6.125, 0],
			"to": [17, 10.125, 17],
			"rotation": {"angle": 0, "axis": "y", "origin": [2, 10.125, 8]},
			"faces": {
				"north": {"uv": [4.25, 8.75, 4.5, 9.75], "texture": "#0"},
				"east": {"uv": [0, 8.75, 4.25, 9.75], "texture": "#0"},
				"south": {"uv": [8.75, 8.75, 9, 9.75], "texture": "#0"},
				"west": {"uv": [4.5, 8.75, 8.75, 9.75], "texture": "#0"},
				"up": {"uv": [4.5, 8.75, 4.25, 4.5], "texture": "#0"},
				"down": {"uv": [4.75, 4.5, 4.5, 8.75], "texture": "#0"}
			}
		},
		{
			"from": [7, 10, -6],
			"to": [9, 11, -2],
			"rotation": {"angle": 0, "axis": "y", "origin": [5, 8.625, 8.5]},
			"faces": {
				"north": {"uv": [7.25, 3.75, 7.75, 4], "texture": "#0"},
				"east": {"uv": [6.25, 3.75, 7.25, 4], "texture": "#0"},
				"south": {"uv": [8.75, 3.75, 9.25, 4], "texture": "#0"},
				"west": {"uv": [7.75, 3.75, 8.75, 4], "texture": "#0"},
				"up": {"uv": [7.75, 3.75, 7.25, 2.75], "texture": "#0"},
				"down": {"uv": [8.25, 2.75, 7.75, 3.75], "texture": "#0"}
			}
		},
		{
			"from": [7, 11, -5.5],
			"to": [9, 13, -3.5],
			"rotation": {"angle": 0, "axis": "y", "origin": [5, 8.625, 8.5]},
			"faces": {
				"north": {"uv": [6.75, 6.5, 7.25, 7], "texture": "#0"},
				"east": {"uv": [6.25, 6.5, 6.75, 7], "texture": "#0"},
				"south": {"uv": [7.75, 6.5, 8.25, 7], "texture": "#0"},
				"west": {"uv": [7.25, 6.5, 7.75, 7], "texture": "#0"},
				"up": {"uv": [7.25, 6.5, 6.75, 6], "texture": "#0"},
				"down": {"uv": [7.75, 6, 7.25, 6.5], "texture": "#0"}
			}
		},
		{
			"from": [9, 5, -1],
			"to": [17, 11, 0],
			"rotation": {"angle": 0, "axis": "y", "origin": [5, 7.625, 8.5]},
			"faces": {
				"north": {"uv": [9.75, 4.75, 11.75, 6.25], "texture": "#0"},
				"east": {"uv": [9.5, 4.75, 9.75, 6.25], "texture": "#0"},
				"south": {"uv": [12, 4.75, 14, 6.25], "texture": "#0"},
				"west": {"uv": [11.75, 4.75, 12, 6.25], "texture": "#0"},
				"up": {"uv": [11.75, 4.75, 9.75, 4.5], "texture": "#0"},
				"down": {"uv": [13.75, 4.5, 11.75, 4.75], "texture": "#0"}
			}
		},
		{
			"from": [-1, 5, -1],
			"to": [7, 11, 0],
			"rotation": {"angle": 0, "axis": "y", "origin": [5, 7.625, 8.5]},
			"faces": {
				"north": {"uv": [9.75, 6.5, 11.75, 8], "texture": "#0"},
				"east": {"uv": [9.5, 6.5, 9.75, 8], "texture": "#0"},
				"south": {"uv": [12, 6.5, 14, 8], "texture": "#0"},
				"west": {"uv": [11.75, 6.5, 12, 8], "texture": "#0"},
				"up": {"uv": [11.75, 6.5, 9.75, 6.25], "texture": "#0"},
				"down": {"uv": [13.75, 6.25, 11.75, 6.5], "texture": "#0"}
			}
		},
		{
			"from": [3.5, 11, -1],
			"to": [12.5, 16, 0],
			"rotation": {"angle": 0, "axis": "y", "origin": [7.5, 13.5, -0.5]},
			"faces": {
				"north": {"uv": [6.5, 1.5, 8.75, 2.75], "texture": "#0"},
				"east": {"uv": [6.25, 1.5, 6.5, 2.75], "texture": "#0"},
				"south": {"uv": [9, 1.5, 11.25, 2.75], "texture": "#0"},
				"west": {"uv": [8.75, 1.5, 9, 2.75], "texture": "#0"},
				"up": {"uv": [8.75, 1.5, 6.5, 1.25], "texture": "#0"},
				"down": {"uv": [11, 1.25, 8.75, 1.5], "texture": "#0"}
			}
		}
	],
	"display": {
		"thirdperson_righthand": {
			"rotation": [75, 45, 0],
			"translation": [0, 2.5, 0],
			"scale": [0.375, 0.375, 0.375]
		},
		"thirdperson_lefthand": {
			"rotation": [75, 45, 0],
			"translation": [0, 2.5, 0],
			"scale": [0.375, 0.375, 0.375]
		},
		"firstperson_righthand": {
			"rotation": [0, 135, 0],
			"scale": [0.4, 0.4, 0.4]
		},
		"firstperson_lefthand": {
			"rotation": [0, 135, 0],
			"scale": [0.4, 0.4, 0.4]
		},
		"ground": {
			"translation": [0, 3, 0],
			"scale": [0.5, 0.5, 0.5]
		},
		"gui": {
			"rotation": [30, 225, 0],
			"translation": [0, -0.25, 0],
			"scale": [0.59, 0.59, 0.59]
		},
		"head": {
			"scale": [0.8, 0.8, 0.8]
		},
		"fixed": {
			"scale": [0.5, 0.5, 0.5]
		}
	},
	"groups": [
		0,
		1,
		2,
		3,
		4,
		5,
		6,
		7,
		8,
		9,
		10,
		11,
		12,
		13,
		14,
		{
			"name": "group",
			"origin": [2, 10.125, 8],
			"color": 0,
			"children": [15, 16, 17, 18, 19, 20]
		},
		{
			"name": "group",
			"origin": [8, 8, 8],
			"color": 0,
			"children": [21, 22, 23, 24, 25]
		}
	]
}