{
	"parent": "item/generated",
	"textures": {
		"layer0": "item/rpg_unloaded"
	},
	"display": {
		"thirdperson_righthand": {
			"rotation": [0, -90, 45],
			"translation": [-0.5, 0.75, 3.75],
			"scale": [1.25, 1.25, 1.25]
		},
		"thirdperson_lefthand": {
			"rotation": [0, 90, -45],
			"translation": [-0.5, 0.75, 3.75],
			"scale": [1.25, 1.25, 1.25]
		},
		"firstperson_righthand": {
			"rotation": [0, -85, 40],
			"translation": [-3.5, 5, 4.75],
			"scale": [1.25, 1.25, 1.25]
		},
		"firstperson_lefthand": {
			"rotation": [0, 85, -40],
			"translation": [-3.5, 5, 4.75],
			"scale": [1.25, 1.25, 1.25]
		},
		"fixed": {
			"scale": [1.33, 1.33, 1.33]
		}
	}
}