{
	"parent": "item/generated",
	"textures": {
		"layer0": "item/sniper"
	},
	"display": {
		"thirdperson_righthand": {
			"rotation": [0, -90, 45],
			"translation": [-0.5, 0.25, -2.25]
		},
		"thirdperson_lefthand": {
			"rotation": [0, 90, -45],
			"translation": [-0.5, 0.25, -2.25]
		},
		"firstperson_righthand": {
			"rotation": [0, -80, 40],
			"translation": [-3.5, 3.5, 2],
			"scale": [1, 1, 1]
		},
		"firstperson_lefthand": {
			"rotation": [0, 90, -40],
			"translation": [-3.5, 3.5, 2],
			"scale": [1, 1, 1]
		},
		"fixed": {
			"scale": [1.25, 1.25, 1.25]
		}
	}
}