{
	"credit": "Made with Blockbench",
	"texture_size": [32, 32],
	"textures": {
		"1": "wd:item/magnum/magnum"
	},
	"elements": [
		{
			"from": [-0.001, 7, 0],
			"to": [1.501, 10, 5],
			"rotation": {"angle": 0, "axis": "y", "origin": [0.75, 8.5, 7.5]},
			"faces": {
				"north": {"uv": [7.5, 7.5, 8.25, 9], "texture": "#1"},
				"east": {"uv": [4, 0, 6.5, 1.5], "texture": "#1"},
				"south": {"uv": [0, 8.5, 0.75, 10], "texture": "#1"},
				"west": {"uv": [4, 1.5, 6.5, 3], "texture": "#1"},
				"up": {"uv": [7.25, 2.5, 6.5, 0], "texture": "#1"},
				"down": {"uv": [2.25, 6.5, 1.5, 9], "texture": "#1"}
			}
		},
		{
			"from": [-0.001, 9, 5],
			"to": [1.501, 10.5, 14.5],
			"rotation": {"angle": 0, "axis": "y", "origin": [0.75, 8.5, 7.5]},
			"faces": {
				"north": {"uv": [9, 4, 9.75, 4.75], "texture": "#1"},
				"east": {"uv": [4, 3, 8.75, 3.75], "texture": "#1"},
				"south": {"uv": [9.5, 1, 10.25, 1.75], "texture": "#1"},
				"west": {"uv": [4, 4, 8.75, 4.75], "texture": "#1"},
				"up": {"uv": [4.75, 9.75, 4, 5], "texture": "#1"},
				"down": {"uv": [5.75, 5, 5, 9.75], "texture": "#1"}
			}
		},
		{
			"from": [-0.5, 8.5, 10],
			"to": [2, 10, 14],
			"rotation": {"angle": 0, "axis": "y", "origin": [0.75, 8.5, 7.5]},
			"faces": {
				"north": {"uv": [8.5, 8, 9.75, 8.75], "texture": "#1"},
				"east": {"uv": [7.5, 1, 9.5, 1.75], "texture": "#1"},
				"south": {"uv": [1, 9, 2.25, 9.75], "texture": "#1"},
				"west": {"uv": [7.5, 5, 9.5, 5.75], "texture": "#1"},
				"up": {"uv": [7.25, 7, 6, 5], "texture": "#1"},
				"down": {"uv": [1.25, 6.5, 0, 8.5], "texture": "#1"}
			}
		},
		{
			"from": [0, 8.75, 14.5],
			"to": [1.5, 9.25, 27.5],
			"rotation": {"angle": 0, "axis": "y", "origin": [0.75, 9.75, 15.5]},
			"faces": {
				"north": {"uv": [4.5, 10, 5.25, 10.25], "texture": "#1"},
				"east": {"uv": [6.5, 2.5, 13, 2.75], "texture": "#1"},
				"south": {"uv": [10, 4.5, 10.75, 4.75], "texture": "#1"},
				"west": {"uv": [7, 7, 13.5, 7.25], "texture": "#1"},
				"up": {"uv": [0.75, 6.5, 0, 0], "texture": "#1"},
				"down": {"uv": [1.75, 0, 1, 6.5], "texture": "#1"}
			}
		},
		{
			"from": [0, 10.25, 14.5],
			"to": [1.5, 10.75, 27.5],
			"rotation": {"angle": 0, "axis": "y", "origin": [0.75, 9.75, 15.5]},
			"faces": {
				"north": {"uv": [10, 6.5, 10.75, 6.75], "texture": "#1"},
				"east": {"uv": [7.5, 0, 14, 0.25], "texture": "#1"},
				"south": {"uv": [10, 8, 10.75, 8.25], "texture": "#1"},
				"west": {"uv": [7.5, 0.5, 14, 0.75], "texture": "#1"},
				"up": {"uv": [2.75, 6.5, 2, 0], "texture": "#1"},
				"down": {"uv": [3.75, 0, 3, 6.5], "texture": "#1"}
			}
		},
		{
			"from": [0, 9.25105, 3.74843],
			"to": [1.5, 10.25105, 5.24843],
			"rotation": {"angle": -22.5, "axis": "x", "origin": [0.25, 9.75105, 4.49843]},
			"faces": {
				"north": {"uv": [9.5, 9, 10.25, 9.5], "texture": "#1"},
				"east": {"uv": [9.5, 9.5, 10.25, 10], "texture": "#1"},
				"south": {"uv": [0, 10, 0.75, 10.5], "texture": "#1"},
				"west": {"uv": [1, 10, 1.75, 10.5], "texture": "#1"},
				"up": {"uv": [10.25, 5.75, 9.5, 5], "texture": "#1"},
				"down": {"uv": [6.75, 9.5, 6, 10.25], "texture": "#1"}
			}
		},
		{
			"from": [0, 6.125, 5],
			"to": [1.5, 7.125, 9.5],
			"rotation": {"angle": 22.5, "axis": "x", "origin": [0.75, 8.5, 7.5]},
			"faces": {
				"north": {"uv": [2, 10, 2.75, 10.5], "texture": "#1"},
				"east": {"uv": [7.5, 6.5, 9.75, 7], "texture": "#1"},
				"south": {"uv": [3, 10, 3.75, 10.5], "texture": "#1"},
				"west": {"uv": [8.5, 7.5, 10.75, 8], "texture": "#1"},
				"up": {"uv": [3.25, 8.75, 2.5, 6.5], "texture": "#1"},
				"down": {"uv": [6.75, 7, 6, 9.25], "texture": "#1"}
			}
		},
		{
			"from": [0, 6.125, 3],
			"to": [1.5, 6.625, 5],
			"rotation": {"angle": 22.5, "axis": "x", "origin": [0.75, 8.5, 7.5]},
			"faces": {
				"north": {"uv": [10, 8.5, 10.75, 8.75], "texture": "#1"},
				"east": {"uv": [10, 3, 11, 3.25], "texture": "#1"},
				"south": {"uv": [9.5, 10, 10.25, 10.25], "texture": "#1"},
				"west": {"uv": [10, 3.5, 11, 3.75], "texture": "#1"},
				"up": {"uv": [3.25, 10, 2.5, 9], "texture": "#1"},
				"down": {"uv": [9.75, 3, 9, 4], "texture": "#1"}
			}
		},
		{
			"from": [0.25, 7.27248, 7.50855],
			"to": [1.25, 10.27248, 8.50855],
			"rotation": {"angle": 22.5, "axis": "x", "origin": [0.75, 6.70998, 6.75855]},
			"faces": {
				"north": {"uv": [7.5, 9, 8, 10.5], "texture": "#1"},
				"east": {"uv": [8, 9, 8.5, 10.5], "texture": "#1"},
				"south": {"uv": [8.5, 9, 9, 10.5], "texture": "#1"},
				"west": {"uv": [9, 9, 9.5, 10.5], "texture": "#1"},
				"up": {"uv": [1.5, 9, 1, 8.5], "texture": "#1"},
				"down": {"uv": [4, 9.5, 3.5, 10], "texture": "#1"}
			}
		},
		{
			"from": [0.5, 7.84999, 9.01955],
			"to": [1, 9.34999, 9.51955],
			"rotation": {"angle": 0, "axis": "y", "origin": [0.75, 8.34999, 9.26955]},
			"faces": {
				"north": {"uv": [5.5, 10, 5.75, 10.75], "texture": "#1"},
				"east": {"uv": [0, 10.5, 0.25, 11.25], "texture": "#1"},
				"south": {"uv": [0.5, 10.5, 0.75, 11.25], "texture": "#1"},
				"west": {"uv": [1, 10.5, 1.25, 11.25], "texture": "#1"},
				"up": {"uv": [4.75, 10.75, 4.5, 10.5], "texture": "#1"},
				"down": {"uv": [5.25, 10.5, 5, 10.75], "texture": "#1"}
			}
		},
		{
			"from": [0.5, 10.5, 12.5],
			"to": [1, 11, 13.5],
			"faces": {
				"north": {"uv": [10.5, 5, 10.75, 5.25], "texture": "#1"},
				"east": {"uv": [10.5, 2, 11, 2.25], "texture": "#1"},
				"south": {"uv": [10.5, 5.5, 10.75, 5.75], "texture": "#1"},
				"west": {"uv": [2.5, 10.5, 3, 10.75], "texture": "#1"},
				"up": {"uv": [3.25, 11, 3, 10.5], "texture": "#1"},
				"down": {"uv": [3.75, 10.5, 3.5, 11], "texture": "#1"}
			}
		},
		{
			"from": [0.5, 10.5, 9.5],
			"to": [1, 11, 10.5],
			"faces": {
				"north": {"uv": [4, 10.5, 4.25, 10.75], "texture": "#1"},
				"east": {"uv": [10.5, 1, 11, 1.25], "texture": "#1"},
				"south": {"uv": [10.5, 4, 10.75, 4.25], "texture": "#1"},
				"west": {"uv": [1.5, 10.5, 2, 10.75], "texture": "#1"},
				"up": {"uv": [10.75, 2, 10.5, 1.5], "texture": "#1"},
				"down": {"uv": [2.25, 10.5, 2, 11], "texture": "#1"}
			}
		},
		{
			"from": [0.3125, 10.9375, 8.5],
			"to": [1.3125, 11.9375, 14.5],
			"rotation": {"angle": -45, "axis": "z", "origin": [0.75, 11.5, 11.5]},
			"faces": {
				"north": {"uv": [4, 10, 4.5, 10.5], "texture": "#1"},
				"east": {"uv": [7.5, 2, 10.5, 2.5], "texture": "#1"},
				"south": {"uv": [10, 4, 10.5, 4.5], "texture": "#1"},
				"west": {"uv": [7.5, 6, 10.5, 6.5], "texture": "#1"},
				"up": {"uv": [4, 9.5, 3.5, 6.5], "texture": "#1"},
				"down": {"uv": [7.5, 7.5, 7, 10.5], "texture": "#1"}
			}
		}
	],
	"display": {
		"thirdperson_righthand": {
			"rotation": [-179.27, -1.33, 174.05],
			"translation": [-9.25, -1.5, 1.5],
			"scale": [1.3, 1.3, 1.3]
		},
		"thirdperson_lefthand": {
			"rotation": [-178.25, 0, -180],
			"translation": [8.75, -0.75, 0.75],
			"scale": [1.2, 1.2, 1.2]
		},
		"firstperson_righthand": {
			"rotation": [-180, 9.75, 166],
			"translation": [-7.5, 1.75, 2.5]
		}
	}
}