{
	"credit": "Made with Blockbench",
	"texture_size": [64, 64],
	"textures": {
		"0": "item/force",
		"particle": "item/force"
	},
	"elements": [
		{
			"from": [6.5, 0, -6],
			"to": [8, 3.25, 2.25],
			"faces": {
				"north": {"uv": [5.5, 5.5, 5.875, 6.3125], "texture": "#0"},
				"east": {"uv": [3, 1.5, 5.0625, 2.3125], "texture": "#0"},
				"south": {"uv": [5.75, 4.5, 6.125, 5.3125], "texture": "#0"},
				"west": {"uv": [3, 2.5, 5.0625, 3.3125], "texture": "#0"},
				"up": {"uv": [3.375, 6.5625, 3, 4.5], "texture": "#0"},
				"down": {"uv": [3.875, 4.5, 3.5, 6.5625], "texture": "#0"}
			}
		},
		{
			"from": [6.497, 1.5, 0.25],
			"to": [8.002, 2.5, 2.25],
			"rotation": {"angle": -22.5, "axis": "x", "origin": [7.25, 3.5, -1.375]},
			"faces": {
				"north": {"uv": [6.5, 6, 6.875, 6.25], "texture": "#0"},
				"east": {"uv": [6.25, 5.25, 6.75, 5.5], "texture": "#0"},
				"south": {"uv": [6.5, 6.25, 6.875, 6.5], "texture": "#0"},
				"west": {"uv": [6.5, 2.25, 7, 2.5], "texture": "#0"},
				"up": {"uv": [2.375, 7, 2, 6.5], "texture": "#0"},
				"down": {"uv": [2.875, 6.5, 2.5, 7], "texture": "#0"}
			}
		},
		{
			"from": [6.498, 0, 0.75],
			"to": [8.001, 3.25, 3.75],
			"rotation": {"angle": 22.5, "axis": "x", "origin": [7.25, 1.625, 0.375]},
			"faces": {
				"north": {"uv": [6, 1.5, 6.375, 2.3125], "texture": "#0"},
				"east": {"uv": [5, 4.5, 5.75, 5.3125], "texture": "#0"},
				"south": {"uv": [6, 5.5, 6.375, 6.3125], "texture": "#0"},
				"west": {"uv": [5.25, 1.5, 6, 2.3125], "texture": "#0"},
				"up": {"uv": [6.625, 0.75, 6.25, 0], "texture": "#0"},
				"down": {"uv": [6.625, 0.75, 6.25, 1.5], "texture": "#0"}
			}
		},
		{
			"from": [6.5, 1.5, 2.25],
			"to": [8, 4, 26.75],
			"faces": {
				"north": {"uv": [6.25, 4.5, 6.625, 5.125], "texture": "#0"},
				"east": {"uv": [0, 0, 6.125, 0.625], "texture": "#0"},
				"south": {"uv": [6.5, 1.5, 6.875, 2.125], "texture": "#0"},
				"west": {"uv": [0, 0.75, 6.125, 1.375], "texture": "#0"},
				"up": {"uv": [1.375, 7.625, 1, 1.5], "texture": "#0"},
				"down": {"uv": [1.875, 1.5, 1.5, 7.625], "texture": "#0"}
			}
		},
		{
			"from": [6.375, 3.1, 2.5],
			"to": [8.125, 4.1, 26.5],
			"faces": {
				"north": {"uv": [5.5, 6.5, 5.9375, 6.75], "texture": "#0"},
				"east": {"uv": [3, 3.5, 9, 3.75], "texture": "#0"},
				"south": {"uv": [6.5, 5.5, 6.9375, 5.75], "texture": "#0"},
				"west": {"uv": [3, 3.75, 9, 4], "texture": "#0"},
				"up": {"uv": [0.4375, 7.5, 0, 1.5], "texture": "#0"},
				"down": {"uv": [0.9375, 1.5, 0.5, 7.5], "texture": "#0"}
			}
		},
		{
			"from": [7.125, 0.74, 4.25],
			"to": [7.375, 1.99, 4.5],
			"faces": {
				"north": {"uv": [6.5, 5.75, 6.9375, 6], "texture": "#0"},
				"east": {"uv": [3, 4, 7.875, 4.25], "texture": "#0"},
				"south": {"uv": [6, 6.5, 6.4375, 6.75], "texture": "#0"},
				"west": {"uv": [3, 4.25, 7.875, 4.5], "texture": "#0"},
				"up": {"uv": [2.4375, 6.375, 2, 1.5], "texture": "#0"},
				"down": {"uv": [2.9375, 1.5, 2.5, 6.375], "texture": "#0"}
			}
		},
		{
			"from": [8.125, 3.24, 4],
			"to": [8.375, 4.49, 4.25],
			"rotation": {"angle": -22.5, "axis": "z", "origin": [8.25, 3.865, 5.125]},
			"faces": {
				"north": {"uv": [8, 6.625, 9.125, 7.375], "texture": "#0"},
				"east": {"uv": [8.1875, 7, 8.9375, 7.1875], "texture": "#0"},
				"south": {"uv": [8.4375, 7.0625, 8.875, 7.3125], "texture": "#0"},
				"west": {"uv": [8.25, 7, 8.875, 7.125], "texture": "#0"},
				"up": {"uv": [8.9375, 7.1875, 8.25, 7.0625], "texture": "#0"},
				"down": {"uv": [8.8125, 7.0625, 8.25, 7.375], "texture": "#0"}
			}
		},
		{
			"from": [8.125, 3.24, 5],
			"to": [8.375, 4.49, 5.25],
			"rotation": {"angle": -22.5, "axis": "z", "origin": [8.25, 3.865, 5.125]},
			"faces": {
				"north": {"uv": [8, 6.625, 9.125, 7.375], "texture": "#0"},
				"east": {"uv": [8.125, 7, 8.5, 7.3125], "texture": "#0"},
				"south": {"uv": [8.25, 7.0625, 8.6875, 7.3125], "texture": "#0"},
				"west": {"uv": [8.25, 6.9375, 8.875, 7.3125], "texture": "#0"},
				"up": {"uv": [8.9375, 7.3125, 8.1875, 7], "texture": "#0"},
				"down": {"uv": [8.875, 6.9375, 8.3125, 7.125], "texture": "#0"}
			}
		},
		{
			"from": [8.125, 3.24, 6],
			"to": [8.375, 4.49, 6.25],
			"rotation": {"angle": -22.5, "axis": "z", "origin": [8.25, 3.865, 5.125]},
			"faces": {
				"north": {"uv": [8, 6.625, 9.125, 7.375], "texture": "#0"},
				"east": {"uv": [8.1875, 7.0625, 9.0625, 7.375], "texture": "#0"},
				"south": {"uv": [8.3125, 7.0625, 8.75, 7.3125], "texture": "#0"},
				"west": {"uv": [8.125, 6.9375, 8.9375, 7.375], "texture": "#0"},
				"up": {"uv": [8.875, 7.375, 8.0625, 6.9375], "texture": "#0"},
				"down": {"uv": [9.0625, 7, 8.125, 7.125], "texture": "#0"}
			}
		},
		{
			"from": [6.125, 4.24, 4.25],
			"to": [8.375, 5.74, 4.25],
			"faces": {
				"north": {"uv": [7.125, 10.4375, 9.75, 8.5625], "texture": "#0"},
				"east": {"uv": [3, 4, 7.875, 4.25], "texture": "#0"},
				"south": {"uv": [7.125, 8.5625, 9.75, 10.4375], "texture": "#0"},
				"west": {"uv": [3, 4.25, 7.875, 4.5], "texture": "#0"},
				"up": {"uv": [2.4375, 6.375, 2, 1.5], "texture": "#0"},
				"down": {"uv": [2.9375, 1.5, 2.5, 6.375], "texture": "#0"}
			}
		},
		{
			"from": [6.125, 4.24, 5.25],
			"to": [8.375, 5.74, 5.25],
			"faces": {
				"north": {"uv": [7.125, 10.4375, 9.75, 8.5625], "texture": "#0"},
				"east": {"uv": [3, 4, 7.875, 4.25], "texture": "#0"},
				"south": {"uv": [7.125, 8.5625, 9.75, 10.4375], "texture": "#0"},
				"west": {"uv": [3, 4.25, 7.875, 4.5], "texture": "#0"},
				"up": {"uv": [2.4375, 6.375, 2, 1.5], "texture": "#0"},
				"down": {"uv": [2.9375, 1.5, 2.5, 6.375], "texture": "#0"}
			}
		},
		{
			"from": [6.125, 4.24, 6.25],
			"to": [8.375, 5.74, 6.25],
			"faces": {
				"north": {"uv": [7.125, 10.4375, 9.75, 8.5625], "texture": "#0"},
				"east": {"uv": [3, 4, 7.875, 4.25], "texture": "#0"},
				"south": {"uv": [7.125, 8.5625, 9.75, 10.4375], "texture": "#0"},
				"west": {"uv": [3, 4.25, 7.875, 4.5], "texture": "#0"},
				"up": {"uv": [2.4375, 6.375, 2, 1.5], "texture": "#0"},
				"down": {"uv": [2.9375, 1.5, 2.5, 6.375], "texture": "#0"}
			}
		},
		{
			"from": [6.375, 1.49, 7],
			"to": [8.125, 2.49, 26.5],
			"faces": {
				"north": {"uv": [6.5, 5.75, 6.9375, 6], "texture": "#0"},
				"east": {"uv": [3, 4, 7.875, 4.25], "texture": "#0"},
				"south": {"uv": [6, 6.5, 6.4375, 6.75], "texture": "#0"},
				"west": {"uv": [3, 4.25, 7.875, 4.5], "texture": "#0"},
				"up": {"uv": [2.4375, 6.375, 2, 1.5], "texture": "#0"},
				"down": {"uv": [2.9375, 1.5, 2.5, 6.375], "texture": "#0"}
			}
		},
		{
			"from": [5.5, 3.5, 1.25],
			"to": [6.25, 4.25, 8.75],
			"faces": {
				"north": {"uv": [6.75, 5.25, 6.9375, 5.4375], "texture": "#0"},
				"east": {"uv": [5.25, 3, 7.125, 3.1875], "texture": "#0"},
				"south": {"uv": [5.5, 6.75, 5.6875, 6.9375], "texture": "#0"},
				"west": {"uv": [5.25, 3.25, 7.125, 3.4375], "texture": "#0"},
				"up": {"uv": [5.1875, 7.375, 5, 5.5], "texture": "#0"},
				"down": {"uv": [5.4375, 5.5, 5.25, 7.375], "texture": "#0"}
			}
		},
		{
			"from": [6.5, 0.75, 5.25],
			"to": [8, 1.5, 13.25],
			"faces": {
				"north": {"uv": [6.75, 0.25, 7.125, 0.4375], "texture": "#0"},
				"east": {"uv": [5.25, 2.5, 7.25, 2.6875], "texture": "#0"},
				"south": {"uv": [6.75, 0.5, 7.125, 0.6875], "texture": "#0"},
				"west": {"uv": [5.25, 2.75, 7.25, 2.9375], "texture": "#0"},
				"up": {"uv": [4.375, 6.5, 4, 4.5], "texture": "#0"},
				"down": {"uv": [4.875, 4.5, 4.5, 6.5], "texture": "#0"}
			}
		},
		{
			"from": [6.501, 0.75, 5],
			"to": [7.997, 1.5, 6],
			"rotation": {"angle": -45, "axis": "x", "origin": [7.25, 1.125, 5.75]},
			"faces": {
				"north": {"uv": [3.5, 6.75, 3.875, 6.9375], "texture": "#0"},
				"east": {"uv": [6.75, 4.75, 7, 4.9375], "texture": "#0"},
				"south": {"uv": [6.75, 4.5, 7.125, 4.6875], "texture": "#0"},
				"west": {"uv": [6.75, 5, 7, 5.1875], "texture": "#0"},
				"up": {"uv": [6.875, 6.75, 6.5, 6.5], "texture": "#0"},
				"down": {"uv": [7.125, 0, 6.75, 0.25], "texture": "#0"}
			}
		},
		{
			"from": [6.5, 0.75, 3.25],
			"to": [8, 1.5, 4],
			"faces": {
				"north": {"uv": [6.75, 0.75, 7.125, 0.9375], "texture": "#0"},
				"east": {"uv": [5.75, 6.75, 5.9375, 6.9375], "texture": "#0"},
				"south": {"uv": [6.75, 1, 7.125, 1.1875], "texture": "#0"},
				"west": {"uv": [6, 6.75, 6.1875, 6.9375], "texture": "#0"},
				"up": {"uv": [7.125, 1.4375, 6.75, 1.25], "texture": "#0"},
				"down": {"uv": [3.375, 6.75, 3, 6.9375], "texture": "#0"}
			}
		},
		{
			"from": [6.5, 0.75, 4],
			"to": [8, 0.885, 5.25],
			"faces": {
				"north": {"uv": [6.25, 6.75, 6.625, 6.8125], "texture": "#0"},
				"east": {"uv": [7, 1.5, 7.3125, 1.5625], "texture": "#0"},
				"south": {"uv": [6.75, 6.75, 7.125, 6.8125], "texture": "#0"},
				"west": {"uv": [7, 1.75, 7.3125, 1.8125], "texture": "#0"},
				"up": {"uv": [4.375, 6.8125, 4, 6.5], "texture": "#0"},
				"down": {"uv": [4.875, 6.5, 4.5, 6.8125], "texture": "#0"}
			}
		}
	],
	"display": {
		"thirdperson_righthand": {
			"rotation": [6, 163, 0],
			"translation": [-2, 5.25, -2],
			"scale": [0.73, 0.73, 0.76]
		},
		"thirdperson_lefthand": {
			"rotation": [5, 168, 0],
			"translation": [-0.75, 4.75, -1],
			"scale": [0.67578, 0.67578, 0.67578]
		},
		"firstperson_righthand": {
			"rotation": [-4, 170, 1],
			"translation": [-0.52, 10.3, 7.4],
			"scale": [0.73, 0.73, 0.76]
		},
		"firstperson_lefthand": {
			"rotation": [0, -172, 0],
			"translation": [-15, 10.5, -0.25],
			"scale": [0.88086, 0.88086, 0.88086]
		},
		"ground": {
			"translation": [0, 9.75, 0],
			"scale": [1.35156, 1.35156, 1.35156]
		},
		"gui": {
			"rotation": [34, 39, 0],
			"translation": [-0.5, 4.5, 0],
			"scale": [0.68359, 0.68359, 0.68359]
		},
		"fixed": {
			"rotation": [-90, -150, -90],
			"translation": [-10, 1.75, 0],
			"scale": [1.73828, 1.73828, 1.73828]
		}
	}
}